{"cameraMode":{"drawMode":0,"name":"Shaded","section":"Shading Mode"},"sceneLighting":true,"audioPlay":false,"sceneViewState":{"showFog":true,"showMaterialUpdate":false,"showSkybox":true,"showFlares":true,"showImageEffects":true,"showParticleSystems":true},"in2DMode":false,"pivot":{"x":-0.7524718046188355,"y":2.638589382171631,"z":0.2892370820045471},"rotation":{"x":0.01712096482515335,"y":-0.7005125880241394,"z":0.016815535724163057,"w":0.7132366299629211},"size":6.358062267303467,"orthographic":false}